year,month,day,UMAP1,UMAP2,AQI
2013,3,1,-0.7403128842512766,5.008878986040751,1.0
2013,3,2,-0.3767595362539093,8.802073140939077,2.0
2013,3,3,0.9615878850842515,7.214540660381317,3.0
2013,3,4,0.20470449173202118,8.525975147883097,2.0
2013,3,5,2.0157422870397568,12.262699683507284,3.0
2013,3,6,1.9003813316424687,12.472488085428873,5.0
2013,3,7,2.5515762170155845,12.673053622245789,6.0
2013,3,8,6.939090400934219,11.33905585606893,5.0
2013,3,9,1.4780724843343098,7.339189728101094,3.0
2013,3,10,0.58609832637012,10.022887428601583,2.0
2013,3,11,2.3295035858949027,11.58211370309194,4.0
2013,3,12,2.002575525393089,8.290521423021952,4.0
2013,3,13,-0.015294577926397318,8.25317225853602,1.0
2013,3,14,2.287657489379247,11.556799372037252,3.0
2013,3,15,3.333991914987564,13.041056474049887,5.0
2013,3,16,3.069613436857859,12.689863403638205,5.0
2013,3,17,2.652305612961451,10.93078617254893,6.0
2013,3,18,4.317905033628146,5.001836280028026,3.0
2013,3,19,4.275661826133728,4.092796742916107,1.0
2013,3,20,4.675027867158254,9.152848422527313,2.0
2013,3,21,5.9203319152196245,8.548652191956839,4.0
2013,3,22,5.539105047782262,8.185907165209452,2.0
2013,3,23,1.7732029209534328,7.079925100008647,2.0
2013,3,24,0.09960945656833549,8.283989946047464,1.0
2013,3,25,2.1182753990093866,10.80443569024404,3.0
2013,3,26,5.93097726504008,10.074898719787598,5.0
2013,3,27,2.122995488733674,6.748390237490336,3.0
2013,3,28,0.07800949830561878,8.24543684720993,1.0
2013,3,29,1.2764032774915297,11.040486852327982,3.0
2013,3,30,2.6738851368427277,13.105392416318258,2.0
2013,3,31,2.65275647242864,12.664290269215902,4.0
2013,4,1,3.8886174460252128,7.427945494651794,4.0
2013,4,2,9.101322054862976,10.00206740697225,3.0
2013,4,3,5.905776957670848,10.548612038294474,3.0
2013,4,4,2.987060238917669,10.268866340319315,2.0
2013,4,5,2.16139846543471,6.241453250249227,2.0
2013,4,6,7.083254421750705,7.086792071660359,1.0
2013,4,7,5.962906887133916,6.745156645774841,2.0
2013,4,8,2.7656331111987433,5.7471826275189715,2.0
2013,4,9,1.8473336944977443,5.512464960416158,1.0
2013,4,10,2.0775502920150757,5.275857945283254,1.0
2013,4,11,1.8874761164188385,6.425878306229909,1.0
2013,4,12,2.179791823029518,9.023375233014425,2.0
2013,4,13,3.913907378911972,6.599231998125712,2.0
2013,4,14,8.12434701124827,7.8271986444791155,2.0
2013,4,15,9.680941343307495,10.750301480293274,2.0
2013,4,16,8.248641153176626,7.6157833735148115,2.0
2013,4,17,5.344943344593048,5.404798646767934,2.0
2013,4,18,3.7905802726745605,6.6158105333646136,1.0
2013,4,19,7.283965428670247,8.80662707487742,2.0
2013,4,20,8.60102633635203,9.350135723749796,2.0
2013,4,21,8.903315981229147,9.800022006034851,4.0
2013,4,22,8.117177307605743,10.254977265993753,4.0
2013,4,23,7.520490209261577,9.9149050116539,5.0
2013,4,24,5.357583433389664,5.854284962018331,2.0
2013,4,25,7.287763913472493,6.712747633457184,1.0
2013,4,26,9.759521007537842,10.554344137509664,2.0
2013,4,27,9.872116724650065,11.293668866157532,2.0
2013,4,28,7.191841562589009,7.7778157989184065,3.0
2013,4,29,6.267943024635315,5.090522785981496,2.0
2013,4,30,7.368206262588501,6.41561762491862,1.0
2013,5,1,9.803704539934794,9.858269254366556,2.0
2013,5,2,10.179786602656046,10.667555650075277,3.0
2013,5,3,10.266428192456564,9.853965679804483,2.0
2013,5,4,10.560632904370625,10.42589795589447,3.0
2013,5,5,10.861814697583517,11.345205028851828,5.0
2013,5,6,11.218334436416626,10.983561754226685,5.0
2013,5,7,10.538517316182455,11.552699327468872,5.0
2013,5,8,10.014203310012817,9.820865829785665,4.0
2013,5,9,10.55279290676117,6.216822425524394,2.0
2013,5,10,8.718754728635153,6.260146498680115,2.0
2013,5,11,7.730168243249257,5.305142084757487,2.0
2013,5,12,9.008451581001282,7.817697981993358,2.0
2013,5,13,9.984828790028889,10.66833265622457,3.0
2013,5,14,9.849114219347635,9.80493583281835,2.0
2013,5,15,10.392327547073364,10.588192462921143,3.0
2013,5,16,11.03581976890564,10.192270596822102,2.0
2013,5,17,11.113438645998636,10.526614785194397,3.0
2013,5,18,10.364805261294046,8.52704205115636,4.0
2013,5,19,7.665122230847676,5.4865802526474,2.0
2013,5,20,9.155161380767822,7.983602543671926,2.0
2013,5,21,9.997607270876566,11.225690762201944,3.0
2013,5,22,9.94142977396647,10.337831099828085,2.0
2013,5,23,11.583462953567505,11.538086970647177,3.0
2013,5,24,11.627051631609598,8.889518797397614,3.0
2013,5,25,13.515855232874552,8.734423696994781,2.0
2013,5,26,13.237160444259644,6.162914892037709,3.0
2013,5,27,13.171852986017862,6.0309551159540815,2.0
2013,5,28,12.239758173624674,6.16170076529185,3.0
2013,5,29,9.461538632710775,7.013635377089183,2.0
2013,5,30,10.986029068628946,9.624624331792196,2.0
2013,5,31,13.214099923769632,9.564157446225485,3.0
2013,6,1,10.922010898590088,10.398192127545675,2.0
2013,6,2,13.75402275721232,10.76361358165741,5.0
2013,6,3,14.875482281049093,8.76850446065267,3.0
2013,6,4,13.249329348405203,6.444721519947052,3.0
2013,6,5,7.674891809622447,11.943090955416361,4.0
2013,6,6,9.590616246064505,10.617063303788504,3.0
2013,6,7,9.779715597629547,9.459358354409536,3.0
2013,6,8,7.9441534876823425,11.76750902334849,5.0
2013,6,9,8.80863074461619,12.686587234338125,2.0
2013,6,10,12.448526700337728,6.286411325136821,1.0
2013,6,11,12.41996971766154,7.385675032933553,2.0
2013,6,12,13.374512235323587,9.919999241828918,2.0
2013,6,13,13.656822085380554,10.90662423769633,3.0
2013,6,14,13.645149747530619,10.756900350252787,4.0
2013,6,15,14.218511621157328,10.85490878423055,4.0
2013,6,16,13.279479225476583,7.285433312257131,5.0
2013,6,17,12.307402928670248,7.854282259941101,1.0
2013,6,18,13.154433329900106,8.370913128058115,2.0
2013,6,19,11.79911494255066,7.271773040294647,2.0
2013,6,20,12.724196791648865,8.84106695652008,2.0
2013,6,21,13.105600913365683,7.744183917840322,3.0
2013,6,22,13.014336148897806,6.666321158409119,2.0
2013,6,23,14.234923243522644,10.082107663154602,2.0
2013,6,24,15.70481789112091,5.695172687371572,5.0
2013,6,25,14.567673683166504,7.899071951707204,3.0
2013,6,26,13.668802857398987,9.770378867785135,4.0
2013,6,27,14.310736576716105,10.096531709035238,2.0
2013,6,28,15.784677902857462,5.6829033096631365,6.0
2013,6,29,14.891855239868164,7.639461855093638,3.0
2013,6,30,14.807632764180502,8.781888405481974,5.0
2013,7,1,15.9108597834905,5.701169053713481,5.0
2013,7,2,11.915201385815939,7.3180102705955505,1.0
2013,7,3,11.945923566818237,7.342048943042755,1.0
2013,7,4,11.776904225349426,6.697070638338725,1.0
2013,7,5,12.52246081829071,8.960104008515676,1.0
2013,7,6,13.749995112419128,10.298843145370483,3.0
2013,7,7,15.979968865712484,5.767604788144429,4.0
2013,7,8,14.66315766175588,7.051840583483378,5.0
2013,7,9,14.809227466583252,6.040915369987488,1.0
2013,7,10,14.783815860748291,6.03592715660731,1.0
2013,7,11,13.788491129875183,7.318779428799947,1.0
2013,7,12,13.772901892662048,9.269965251286825,2.0
2013,7,13,14.071493903795878,8.72231670220693,1.0
2013,7,14,16.117199261983234,6.387327492237091,2.0
2013,7,15,14.495356758435568,5.360251406828563,1.0
2013,7,16,14.08455248673757,6.891025205453237,1.0
2013,7,17,14.512790362040201,8.438920001188913,2.0
2013,7,18,14.358705957730612,8.65163822968801,5.0
2013,7,19,13.422202865282694,8.95509668191274,4.0
2013,7,20,13.304234743118286,8.837566574414572,2.0
2013,7,21,13.420594533284506,9.646709402402243,3.0
2013,7,22,13.78728449344635,9.166162649790445,3.0
2013,7,23,14.338837345441183,8.408671995004019,2.0
2013,7,24,13.718441168467203,7.39949647585551,1.0
2013,7,25,14.731194217999777,8.086790760358175,1.0
2013,7,26,14.729356090227762,6.265651802221934,2.0
2013,7,27,14.68925698598226,6.56910906235377,3.0
2013,7,28,14.497527003288269,8.087478339672089,2.0
2013,7,29,13.709072709083557,7.887127796808879,3.0
2013,7,30,15.888030727704367,5.787100156148274,4.0
2013,7,31,14.920864899953207,7.760253190994263,2.0
2013,8,1,14.264891425768534,7.164068102836609,1.0
2013,8,2,13.866349935531616,9.116438349088034,2.0
2013,8,3,14.770447254180908,8.645314673582712,1.0
2013,8,4,15.648821274439493,5.822090188662211,3.0
2013,8,5,14.374012351036072,8.976721207300821,2.0
2013,8,6,14.323994080225626,9.061246991157532,4.0
2013,8,7,14.70505448182424,7.174591104189555,1.0
2013,8,8,14.738004485766092,8.310901979605356,1.0
2013,8,9,14.35795772075653,9.227381070454916,2.0
2013,8,10,15.276333928108215,8.057968219121298,3.0
2013,8,11,14.449806253115336,5.692591230074565,5.0
2013,8,12,13.35206957658132,8.507792234420776,2.0
2013,8,13,15.712746699651083,5.848640402158101,3.0
2013,8,14,13.572753071784973,9.3627001841863,2.0
2013,8,15,14.17537526289622,9.242347021897634,4.0
2013,8,16,14.224687298138937,7.022541145483653,3.0
2013,8,17,12.91146445274353,7.155934353669484,2.0
2013,8,18,11.633099516232809,7.2196484208106995,1.0
2013,8,19,12.253633817036947,8.064902047316233,1.0
2013,8,20,12.950174450874329,8.536539475123087,2.0
2013,8,21,13.532623926798502,8.565853456656138,3.0
2013,8,22,12.894148151079813,6.952100435892741,4.0
2013,8,23,11.367924769719442,7.1332159241040545,2.0
2013,8,24,11.804011305173239,8.11627181371053,1.0
2013,8,25,12.895104805628458,9.321325143178305,2.0
2013,8,26,13.801881790161133,8.57483967145284,2.0
2013,8,27,14.818847179412842,6.697749416033427,2.0
2013,8,28,14.084610342979431,6.871814827124278,2.0
2013,8,29,11.18317449092865,5.910286784172058,1.0
2013,8,30,10.63644822438558,6.390750626722972,1.0
2013,8,31,10.833230217297872,6.721397697925568,1.0
2013,9,1,11.986374656359354,7.848446110884349,1.0
2013,9,2,11.992997288703918,8.480777700742086,2.0
2013,9,3,12.9803915421168,7.340212066968282,2.0
2013,9,4,13.579360604286194,5.129189610481262,2.0
2013,9,5,11.888161102930704,6.4192906220753985,1.0
2013,9,6,11.097891092300415,8.338760256767273,2.0
2013,9,7,10.022403875986734,7.853435019652049,2.0
2013,9,8,11.699307044347128,8.381807684898376,2.0
2013,9,9,10.358556906382242,8.311566968758902,3.0
2013,9,10,10.33288304011027,7.826493601004283,3.0
2013,9,11,12.80951694647471,9.496193885803223,2.0
2013,9,12,12.54975700378418,9.556492884953817,4.0
2013,9,13,10.842605113983154,8.582933942476908,3.0
2013,9,14,10.449684818585714,7.30903031428655,2.0
2013,9,15,8.481463034947714,10.905874133110046,1.0
2013,9,16,8.270572006702423,11.103413899739584,2.0
2013,9,17,7.896322190761566,11.386846343676249,2.0
2013,9,18,8.8653515179952,11.867802302042643,3.0
2013,9,19,9.849156300226847,9.407897333304087,3.0
2013,9,20,10.079973340034485,7.858083566029866,2.0
2013,9,21,11.339095632235209,9.624805092811583,2.0
2013,9,22,7.43548721075058,10.954339106877645,3.0
2013,9,23,7.137638866901398,6.33151251077652,1.0
2013,9,24,5.667992015679677,7.56442924340566,1.0
2013,9,25,6.8166759212811785,8.871378620465597,1.0
2013,9,26,9.276638666788736,11.263381958007812,2.0
2013,9,27,8.405405660470327,12.748678803443909,5.0
2013,9,28,6.541909197966258,13.233812053998312,5.0
2013,9,29,7.413553436597188,12.575054208437601,5.0
2013,9,30,7.625446339448293,10.175959269205729,3.0
2013,10,1,6.117324312527974,8.108962376912435,2.0
2013,10,2,6.841531952222188,8.946999510129293,1.0
2013,10,3,8.558000485102335,11.227463920911154,2.0
2013,10,4,6.608293453852336,13.099531690279642,4.0
2013,10,5,6.6828570167223615,13.019762833913168,5.0
2013,10,6,7.153961797555287,10.408875505129496,5.0
2013,10,7,6.586394131183624,8.692017912864685,2.0
2013,10,8,5.905840833981832,10.267316381136576,2.0
2013,10,9,4.348333418369293,10.518645366032919,3.0
2013,10,10,4.902189622322719,7.086004555225372,3.0
2013,10,11,7.646982987721761,8.370086272557577,2.0
2013,10,12,8.162753482659658,8.251269618670145,2.0
2013,10,13,6.341119190057118,9.090945959091187,2.0
2013,10,14,4.9795124133427935,7.72593907515208,1.0
2013,10,15,5.012925803661346,8.624186277389526,2.0
2013,10,16,5.273961146672566,9.739444971084595,2.0
2013,10,17,5.381268302599589,10.986536582310995,4.0
2013,10,18,4.368340025345485,11.158397555351257,5.0
2013,10,19,4.885534008344014,7.818404356638591,3.0
2013,10,20,5.438228726387024,9.155790209770203,2.0
2013,10,21,5.413492401440938,10.604545871416727,2.0
2013,10,22,4.486727784077327,8.666416843732199,3.0
2013,10,23,4.029096325238545,6.575605134169261,1.0
2013,10,24,4.992037852605184,7.551556746164958,1.0
2013,10,25,5.070432364940643,8.37571120262146,2.0
2013,10,26,5.14852112531662,9.937314510345457,2.0
2013,10,27,4.786499162515004,12.539882580439249,5.0
2013,10,28,2.4392152627309165,10.96380873521169,5.0
2013,10,29,4.89645532766978,8.710276087125143,3.0
2013,10,30,5.585261762142181,10.875869115193685,2.0
2013,10,31,5.508141318957011,11.180880745251974,4.0
2013,11,1,5.240103920300801,11.64264976978302,5.0
2013,11,2,4.2273694177468615,10.810791015625,5.0
2013,11,3,4.921628654003143,7.826329012711843,2.0
2013,11,4,5.178591350714366,9.530242522557577,2.0
2013,11,5,4.128355364004771,10.753960410753885,4.0
2013,11,6,4.398721128702164,7.077607909838359,3.0
2013,11,7,3.583485829333464,9.530809183915457,2.0
2013,11,8,0.7423716075718403,11.399770339330038,4.0
2013,11,9,0.7192692315826813,6.210165798664093,3.0
2013,11,10,0.0646269452602913,6.851156195004781,1.0
2013,11,11,0.9286972080978254,8.53415342171987,2.0
2013,11,12,-0.11674135527573525,9.503242373466492,2.0
2013,11,13,1.070554613135755,10.977216204007467,4.0
2013,11,14,0.7905273404127607,8.940030574798584,3.0
2013,11,15,2.816783607006073,9.098535895347595,3.0
2013,11,16,1.5619717637697856,5.682277023792267,2.0
2013,11,17,1.3370922605196636,5.329041202863057,1.0
2013,11,18,1.1492575236285727,5.351327180862427,1.0
2013,11,19,-0.012046942642579462,8.116512338320414,1.0
2013,11,20,0.04501348943449559,8.277007619539896,2.0
2013,11,21,0.13992171882030863,8.671734929084778,2.0
2013,11,22,0.4823519457131624,10.653519550959269,3.0
2013,11,23,0.3001062871577839,8.877893368403116,4.0
2013,11,24,2.4595906225343547,6.107406536738078,2.0
2013,11,25,0.5567992934957147,7.49429068962733,1.0
2013,11,26,0.6005821763925875,4.686112731695175,1.0
2013,11,27,-0.190674756343166,3.7754864593346915,1.0
2013,11,28,0.09320846192228298,7.1626646518707275,1.0
2013,11,29,0.14703261619433758,8.756982405980429,2.0
2013,11,30,0.022689716890454282,8.558092733224234,2.0
2013,12,1,0.0961051513440907,8.758147756258646,2.0
2013,12,2,0.14502965100109577,8.742124557495117,2.0
2013,12,3,0.07913686289490822,8.684212048848469,2.0
2013,12,4,0.21384097984991968,8.168216546376547,2.0
2013,12,5,-0.13844505914797386,9.301274200280508,1.0
2013,12,6,0.3307792240132888,11.853568434715271,4.0
2013,12,7,0.2559392934587474,13.29626715183258,5.0
2013,12,8,1.5939022998015087,7.804417689641316,5.0
2013,12,9,0.6369086888929208,6.907105942567189,1.0
2013,12,10,1.2229419201612473,6.461517930030823,1.0
2013,12,11,0.8059362458686034,6.945057352383931,1.0
2013,12,12,0.30815127445384854,6.864374756813049,1.0
2013,12,13,0.17697634653207692,7.122687757015228,2.0
2013,12,14,-0.16502815106650812,7.129400173823039,1.0
2013,12,15,-0.8879631037513415,9.618595858414968,2.0
2013,12,16,0.5179159527688171,10.227887709935507,3.0
2013,12,17,-0.024543755998214078,5.561401287714641,2.0
2013,12,18,-0.5799073214487483,5.545690854390462,1.0
2013,12,19,-0.8153710067272186,5.449560562769572,1.0
2013,12,20,-0.880786407738924,5.393903096516927,1.0
2013,12,21,-0.9028222486376762,9.30176709095637,1.0
2013,12,22,-0.39728314988315105,10.319814165433248,4.0
2013,12,23,-0.8247077620277802,10.53990375995636,3.0
2013,12,24,0.37340607315612334,12.036624590555826,5.0
2013,12,25,1.1124278522717457,7.289805114269257,5.0
2013,12,26,-0.7281973411639532,5.146527051925659,1.0
2013,12,27,-0.19637035213721296,6.743538955847423,1.0
2013,12,28,-0.31854936057546485,8.312323609987894,1.0
2013,12,29,0.1986830410993813,9.044589201609293,2.0
2013,12,30,1.6169047690927982,8.739452362060547,2.0
2013,12,31,2.7410211662451425,7.00031844774882,3.0
2014,1,1,0.05162301395709318,9.546081682046253,2.0
2014,1,2,0.35736975097097456,10.689643780390421,3.0
2014,1,3,-0.3385126395151019,9.576452811559042,2.0
2014,1,4,0.8769790577158952,11.00437088807424,4.0
2014,1,5,-0.10294280445668846,9.660313844680786,3.0
2014,1,6,1.1636086851358414,10.665768027305603,5.0
2014,1,7,0.6474483497610588,6.2317914962768555,3.0
2014,1,8,-0.7819566018879414,6.117553253968556,1.0
2014,1,9,-0.6206040314088265,8.715306162834167,2.0
2014,1,10,-0.8562257885932922,10.615176796913147,2.0
2014,1,11,0.2332761368403832,9.272214333216349,3.0
2014,1,12,-0.834350548684597,8.852857728799185,1.0
2014,1,13,-0.7750249641637007,10.583642443021137,3.0
2014,1,14,-0.8340694755315781,10.58624299367269,2.0
2014,1,15,-0.18673168495297432,12.636245608329773,4.0
2014,1,16,0.5416556947554151,11.233330965042114,6.0
2014,1,17,0.5613964029665415,9.423720598220823,4.0
2014,1,18,-0.627023618047436,9.774465600649515,2.0
2014,1,19,1.2648907583982993,8.096993694702784,3.0
2014,1,20,-0.509864025254501,4.89720031619072,1.0
2014,1,21,-0.8437672232588133,9.169266521930695,1.0
2014,1,22,-0.09785871533676982,12.02635407447815,4.0
2014,1,23,0.6185937809447447,12.016333818435669,5.0
2014,1,24,1.4467264687021573,6.941362500190735,4.0
2014,1,25,-0.49809849541634316,7.9568502108256025,1.0
2014,1,26,0.33007595540645224,10.738386273384094,2.0
2014,1,27,1.0532462786262233,7.76344492038091,3.0
2014,1,28,0.21036098261053363,10.49989801645279,2.0
2014,1,29,0.5502702232139806,10.476077278455099,4.0
2014,1,30,0.16345682728569952,9.653309226036072,2.0
2014,1,31,0.49722883726159733,11.606773217519125,5.0
2014,2,1,1.7392244587341945,10.175997952620188,5.0
2014,2,2,1.1743230633437631,4.964801887671153,2.0
2014,2,3,-0.018555973287827016,3.282454490661621,1.0
2014,2,4,-0.7777787782251835,8.431734085083008,1.0
2014,2,5,0.39237316884100437,10.329482833544413,3.0
2014,2,6,0.5967138074338436,10.335488279660543,4.0
2014,2,7,1.0506131226817768,9.846298734347025,3.0
2014,2,8,0.5803274658586209,5.860785802205403,3.0
2014,2,9,-0.8648705879847208,5.25331981976827,1.0
2014,2,10,-0.8386748346189657,8.73684310913086,1.0
2014,2,11,-0.11107846846183143,10.043346087137857,3.0
2014,2,12,-0.5770160734343032,9.872073729832968,3.0
2014,2,13,0.803890485316515,11.437065601348877,5.0
2014,2,14,1.2991471141576767,13.048109809557596,6.0
2014,2,15,1.360870937506358,13.057931820551554,6.0
2014,2,16,-0.03574786397318045,11.131693005561829,6.0
2014,2,17,0.35682806838303804,10.473986784617106,4.0
2014,2,18,0.8544942028820515,9.811788916587828,2.0
2014,2,19,-0.09197386742259066,9.697310447692871,3.0
2014,2,20,1.2746491680542629,12.506419817606607,5.0
2014,2,21,1.0928902973731358,13.163132945696512,6.0
2014,2,22,0.8790485858917236,14.038849075635275,6.0
2014,2,23,0.8605910564462343,14.053027868270874,5.0
2014,2,24,0.8954742985467116,12.8981640736262,6.0
2014,2,25,1.1811845848957698,12.491368293762207,6.0
2014,2,26,1.1565427134434383,9.538271447022757,6.0
2014,2,27,-0.11926102250193556,7.872064570585887,1.0
2014,2,28,1.252409835656484,9.806834975878397,2.0
2014,3,1,0.669271147189041,9.295544306437174,3.0
2014,3,2,2.46502652267615,13.94724420706431,4.0
2014,3,3,1.2921849091847737,11.07507719596227,5.0
2014,3,4,1.0530179310590027,5.940805693467458,2.0
2014,3,5,-0.3975650353046755,5.5570969978968305,1.0
2014,3,6,-0.2181205845748385,7.8009652098019915,1.0
2014,3,7,-0.5544727987920245,9.55768593152364,2.0
2014,3,8,0.10398504921856026,11.144384543100992,4.0
2014,3,9,0.2460726695911338,10.509421745936075,3.0
2014,3,10,0.32549417763948435,11.682190497716268,3.0
2014,3,11,1.4567019939422607,7.992371737957001,4.0
2014,3,12,0.7687455720733851,5.911027252674103,1.0
2014,3,13,3.8389056213200092,5.610422690709432,2.0
2014,3,14,5.7667242983977,7.544020712375641,2.0
2014,3,15,1.7616742501656215,11.19111200173696,3.0
2014,3,16,7.977721323569615,11.283688942591349,4.0
2014,3,17,4.204443961381912,6.812680602073669,3.0
2014,3,18,6.9775300820668535,7.855213721593221,2.0
2014,3,19,1.3470670886648197,6.393623888492584,2.0
2014,3,20,3.5118785072118044,5.687541166941325,1.0
2014,3,21,7.077510118484497,6.7395029465357466,2.0
2014,3,22,6.622881184021632,8.055797934532166,2.0
2014,3,23,8.03947365283966,11.902021288871765,5.0
2014,3,24,3.4149492383003235,13.176801880200705,5.0
2014,3,25,3.425446460644404,13.155463178952536,5.0
2014,3,26,3.311823527018229,13.149609327316284,6.0
2014,3,27,2.7117851972579956,11.25068473815918,5.0
2014,3,28,3.3378221094608307,10.2498828570048,4.0
2014,3,29,7.377309282620748,8.10354588429133,2.0
2014,3,30,8.744077185789743,9.91370681921641,2.0
2014,3,31,8.932920853296915,10.304901043574015,5.0
2014,4,1,8.214977105458578,8.242892324924469,4.0
2014,4,2,7.071181078751882,6.908128956953685,3.0
2014,4,3,6.8783694704373675,6.427780449390411,2.0
2014,4,4,6.558361351490021,5.681377112865448,2.0
2014,4,5,7.059170265992482,6.634159346421559,2.0
2014,4,6,7.568867981433868,7.16239462296168,2.0
2014,4,7,10.000650405883789,10.08211374282837,3.0
2014,4,8,9.87899907430013,10.141827801863352,5.0
2014,4,9,8.246079842249552,10.820984601974487,4.0
2014,4,10,7.069997211297353,8.666768709818522,5.0
2014,4,11,7.105005820592244,7.790425757567088,2.0
2014,4,12,9.645094354947409,10.27339772383372,4.0
2014,4,13,10.653161605199179,11.249805649121603,5.0
2014,4,14,10.056245585282644,10.609438061714172,5.0
2014,4,15,7.407073179880778,8.12779531876246,3.0
2014,4,16,8.384517272313436,8.236400961875916,2.0
2014,4,17,9.939878741900126,9.203348716100058,3.0
2014,4,18,9.036668797334036,9.507920026779175,4.0
2014,4,19,7.415311733881633,8.73871397972107,2.0
2014,4,20,8.621798038482666,7.454449772834778,2.0
2014,4,21,8.80321474870046,7.361880441506703,2.0
2014,4,22,10.38675324122111,9.776753306388855,2.0
2014,4,23,10.903692483901978,10.33981196085612,4.0
2014,4,24,10.563353975613913,10.364186525344849,3.0
2014,4,25,10.376700758934021,8.666336993376413,3.0
2014,4,26,7.791843314965566,6.682612697283427,2.0
2014,4,27,8.649322072664896,7.466580788294475,2.0
2014,4,28,8.875921805699667,7.717445611953735,2.0
2014,4,29,10.589622179667154,10.286665479342142,3.0
2014,4,30,10.9299289782842,10.561805566151937,3.0
2014,5,1,10.227642019589743,8.305319209893545,4.0
2014,5,2,7.652623077233632,6.573211411635081,1.0
2014,5,3,6.7969687183698015,5.342156728108724,2.0
2014,5,4,6.109042505423228,5.501056969165802,2.0
2014,5,5,7.709240575631459,7.137409309546153,1.0
2014,5,6,8.65377918879191,8.20022044579188,2.0
2014,5,7,10.079255779584248,7.715802113215129,3.0
2014,5,8,10.403965075810751,10.489343404769896,3.0
2014,5,9,10.151848832766214,10.653005639712015,2.0
2014,5,10,13.194082379341125,6.0783871213595075,2.0
2014,5,11,11.434249003728231,5.51697971423467,1.0
2014,5,12,8.786216020584106,6.377222994963328,2.0
2014,5,13,7.158315738042195,5.311159193515778,2.0
2014,5,14,9.606066505114237,5.70245498418808,1.0
2014,5,15,8.981742143630981,5.963652511437734,2.0
2014,5,16,10.414607008298239,8.217830876509348,2.0
2014,5,17,11.394944826761881,10.326342304547628,2.0
2014,5,18,13.435692191123962,10.879645466804504,3.0
2014,5,19,13.250912348429361,9.987851619720459,3.0
2014,5,20,10.702634453773499,8.526704331239065,2.0
2014,5,21,13.54496971766154,11.443248709042868,3.0
2014,5,22,13.508453647295633,11.086581587791443,5.0
2014,5,23,13.814374407132467,9.100103120009104,3.0
2014,5,24,10.290274779001871,6.8774904410044355,2.0
2014,5,25,8.668600877126059,5.840461790561676,3.0
2014,5,26,8.799688458442688,5.977351387341817,2.0
2014,5,27,8.70081921418508,5.905654231707255,2.0
2014,5,28,10.842419425646463,9.183045089244843,2.0
2014,5,29,12.022945642471313,10.393781224886576,2.0
2014,5,30,13.316794991493225,11.451887687047323,2.0
2014,5,31,13.429790377616882,9.916769276062647,4.0
2014,6,1,11.804037809371948,3.335803061723709,2.0
2014,6,2,12.023401021957397,6.114430109659831,1.0
2014,6,3,12.90109690030416,9.975117524464924,2.0
2014,6,4,12.697332859039307,9.92676611741384,2.0
2014,6,5,14.548868894577026,8.539250512917837,2.0
2014,6,6,13.409776171048483,5.501447240511577,2.0
2014,6,7,10.956592162450155,6.115440368652344,1.0
2014,6,8,11.308059732119242,6.2071680426597595,1.0
2014,6,9,12.039765874544779,7.427270571390788,1.0
2014,6,10,11.655210574467977,8.044764558474222,2.0
2014,6,11,11.140225569407145,7.1921894152959185,1.0
2014,6,12,12.621102213859558,8.117369294166565,1.0
2014,6,13,12.37920339902242,7.7184721032778425,2.0
2014,6,14,13.31449822584788,10.40194316705068,2.0
2014,6,15,13.826529582341513,10.860067447026571,4.0
2014,6,16,15.487900535265604,8.419962584972382,4.0
2014,6,17,14.796570857365927,6.011144022146861,2.0
2014,6,18,13.253198424975077,9.614590446154276,2.0
2014,6,19,13.134910941123962,8.396753152211508,4.0
2014,6,20,12.515257040659586,8.778520206610361,2.0
2014,6,21,12.322723587354025,7.929776966571808,2.0
2014,6,22,12.257965286572775,7.526323755582173,1.0
2014,6,23,11.797677437464396,8.607625703016916,1.0
2014,6,24,13.122090458869934,9.722352663675943,2.0
2014,6,25,13.84359876314799,9.802087426185608,3.0
2014,6,26,13.20499873161316,8.884528736273447,4.0
2014,6,27,11.130621234575907,6.9895062645276385,1.0
2014,6,28,11.537898143132528,7.402395049730937,1.0
2014,6,29,13.052818099657694,10.033784786860148,2.0
2014,6,30,13.392362793286642,10.501222829023996,2.0
2014,7,1,15.800340016682943,5.444166362285614,4.0
2014,7,2,14.405924161275228,9.272716919581095,2.0
2014,7,3,14.246975620587667,11.745371341705322,5.0
2014,7,4,14.19723653793335,11.293784419695536,5.0
2014,7,5,14.308771967887878,11.455569744110107,5.0
2014,7,6,14.059369365374247,10.918262362480164,5.0
2014,7,7,13.898561477661133,9.75124192237854,4.0
2014,7,8,11.887277404467264,6.495730638504028,2.0
2014,7,9,11.42324455579122,6.872331877549489,1.0
2014,7,10,12.696708838144938,8.049801528453827,2.0
2014,7,11,11.402282118797302,6.70889538526535,1.0
2014,7,12,11.47272515296936,6.735336462656657,1.0
2014,7,13,11.511071721712748,7.212833603223165,1.0
2014,7,14,12.751315911610922,9.31489864985148,1.0
2014,7,15,13.450908501942953,9.881229321161905,2.0
2014,7,16,13.913881619771322,9.885800758997599,3.0
2014,7,17,14.445572892824808,11.14919670422872,4.0
2014,7,18,13.961004495620728,11.058225552241007,5.0
2014,7,19,13.591355601946512,9.989568074544271,3.0
2014,7,20,13.542841156323751,8.728290518124899,3.0
2014,7,21,11.922352830568949,5.945996701717377,1.0
2014,7,22,11.902203877766928,5.139758308728536,1.0
2014,7,23,11.388542294502258,6.690733114878337,2.0
2014,7,24,12.622299989064535,8.146008412043253,2.0
2014,7,25,13.107354283332825,9.936783830324808,2.0
2014,7,26,13.35277815659841,10.975119749704996,3.0
2014,7,27,13.591968973477682,10.934847553571066,4.0
2014,7,28,13.7872265179952,10.750131865342459,4.0
2014,7,29,15.861515243848165,5.684327741463979,5.0
2014,7,30,14.509121616681417,11.289130727450052,4.0
2014,7,31,14.219470580418905,11.175913254419962,5.0
2014,8,1,13.878486037254333,10.394023656845093,4.0
2014,8,2,13.733724594116211,10.773436148961386,3.0
2014,8,3,14.170561830202738,8.46658190091451,3.0
2014,8,4,12.619516491889954,5.849099953969319,1.0
2014,8,5,12.358006477355957,7.820534110069275,1.0
2014,8,6,12.514080047607422,8.58322294553121,2.0
2014,8,7,13.088573376337687,9.93578596909841,2.0
2014,8,8,13.314411719640097,10.510026176770527,2.0
2014,8,9,13.575410842895508,9.809740900993347,3.0
2014,8,10,12.793919761975607,8.21029007434845,2.0
2014,8,11,11.304710865020752,6.892135659853618,1.0
2014,8,12,12.560170292854309,6.844093759854634,1.0
2014,8,13,12.57695976893107,5.92940749724706,1.0
2014,8,14,12.433148741722107,8.650766730308533,1.0
2014,8,15,12.495872378349304,8.616000791390737,2.0
2014,8,16,13.16989024480184,9.88871737321218,2.0
2014,8,17,12.747770031293234,9.234888513882956,2.0
2014,8,18,13.08535118897756,10.004534006118773,2.0
2014,8,19,13.396828214327494,10.518404603004456,3.0
2014,8,20,13.391697327295939,10.725090742111206,3.0
2014,8,21,13.139986634254456,8.615869780381521,4.0
2014,8,22,13.423762281735739,7.742401758829753,2.0
2014,8,23,13.337214708328247,9.015282392501831,3.0
2014,8,24,11.888506968816122,6.725551684697469,1.0
2014,8,25,10.717679858207703,6.724634786446889,1.0
2014,8,26,11.097208897272745,7.702789505322774,2.0
2014,8,27,13.638227224349976,9.19680110613505,2.0
2014,8,28,15.12339679400126,5.934283236662547,3.0
2014,8,29,11.70062804222107,8.540245652198792,3.0
2014,8,30,15.869109789530436,5.714585403601329,3.0
2014,8,31,13.738418499628702,7.8811416029930115,2.0
2014,9,1,15.595204830169678,5.241235037644704,3.0
2014,9,2,13.472938934961954,4.873141606648763,1.0
2014,9,3,12.790190060933432,6.72049727042516,1.0
2014,9,4,12.535321712493896,8.928177634874979,2.0
2014,9,5,13.932299137115479,10.667742133140564,3.0
2014,9,6,14.207215507825216,11.154328187306723,4.0
2014,9,7,13.291817665100098,9.05120168129603,5.0
2014,9,8,10.918216864267984,6.951738635698955,1.0
2014,9,9,12.569849650065104,9.296903491020203,2.0
2014,9,10,12.310634136199951,8.99186404546102,2.0
2014,9,11,10.48588724931081,8.723113417625427,2.0
2014,9,12,9.694542447725931,8.479451815287272,3.0
2014,9,13,9.112181146939596,8.122818450133005,2.0
2014,9,14,7.172408223152161,7.6882776618003845,2.0
2014,9,15,7.95654970407486,7.99009108543396,1.0
2014,9,16,5.936293443044026,9.743546287218729,2.0
2014,9,17,7.152246117591858,9.012487411499023,2.0
2014,9,18,8.86575734615326,8.209909617900848,2.0
2014,9,19,9.869557539621988,8.38362463315328,3.0
2014,9,20,9.672961235046387,8.69912580649058,3.0
2014,9,21,8.917588233947754,9.712483445803324,3.0
2014,9,22,6.983674764633179,10.481093406677246,3.0
2014,9,23,13.788000325361887,6.637735764185588,2.0
2014,9,24,9.473145564397177,7.985754648844401,1.0
2014,9,25,7.889507512251536,10.459723472595213,3.0
2014,9,26,7.801490545272827,9.876297255357107,4.0
2014,9,27,7.53463355700175,8.759130199750265,2.0
2014,9,28,6.424115637938182,9.732182939847311,2.0
2014,9,29,5.390905777613322,7.7645615339279175,2.0
2014,9,30,5.802815020084381,9.096119403839111,1.0
2014,10,1,6.609494864940643,10.353880763053894,2.0
2014,10,2,6.57180239756902,9.919758359591166,2.0
2014,10,3,6.542067329088847,10.216826717058817,2.0
2014,10,4,6.505228439966838,9.362188617388407,2.0
2014,10,5,5.260202328364055,7.693539063135783,1.0
2014,10,6,5.791519741217296,8.745536386966704,1.0
2014,10,7,5.84187376499176,11.593498269716898,3.0
2014,10,8,5.178651611010234,12.930444876352945,5.0
2014,10,9,5.186327536900838,12.939369757970175,6.0
2014,10,10,5.545190155506134,12.99514921506246,6.0
2014,10,11,4.2995051344235735,9.207823276519775,5.0
2014,10,12,4.5074500640233355,7.1612334450085955,1.0
2014,10,13,6.006724298000336,8.261459668477377,1.0
2014,10,14,5.640217820803325,8.698247710863749,2.0
2014,10,15,4.83231857419014,7.062215566635132,2.0
2014,10,16,6.258276343345642,9.072792847951254,2.0
2014,10,17,5.744328459103902,11.408393820126852,3.0
2014,10,18,5.001260538895925,12.835955580075582,5.0
2014,10,19,5.591888169447581,11.84181030591329,5.0
2014,10,20,4.958722472190857,11.05904503663381,5.0
2014,10,21,5.388331512610118,9.699874997138977,2.0
2014,10,22,5.436490118503571,10.51397673288981,2.0
2014,10,23,5.303370296955109,11.974905212720236,3.0
2014,10,24,6.044228990872701,13.03293228149414,5.0
2014,10,25,4.365173896153768,10.944663544495901,6.0
2014,10,26,0.9767530399064223,5.4927573800086975,2.0
2014,10,27,4.692781902849674,9.176354765892029,1.0
2014,10,28,5.37061623732249,9.749411662419638,2.0
2014,10,29,5.690927267074585,10.992743412653605,3.0
2014,10,30,5.5152111649513245,11.292150378227234,4.0
2014,10,31,4.5473127861817675,10.49314014116923,5.0
2014,11,1,4.158772488435109,6.587392787138621,2.0
2014,11,2,3.925187647342682,8.506139675776163,1.0
2014,11,3,4.653517305850983,9.500893950462341,1.0
2014,11,4,4.14995202422142,10.729257663091024,3.0
2014,11,5,4.199504882097244,6.552756726741791,3.0
2014,11,6,4.396860043207805,8.619546711444855,1.0
2014,11,7,4.354253212610881,9.282551209131876,2.0
2014,11,8,4.705544491608937,9.027600328127543,2.0
2014,11,9,4.762104153633118,8.97361147403717,2.0
2014,11,10,4.605052103598912,8.898844758669535,2.0
2014,11,11,3.5017699102560678,6.175993780295054,2.0
2014,11,12,2.210900185008844,5.960173765818278,1.0
2014,11,13,0.8417550697922707,7.624181032180786,2.0
2014,11,14,-0.1052650361477087,9.364726265271505,2.0
2014,11,15,0.5963763529434799,11.74216890335083,3.0
2014,11,16,1.84005706012249,6.831951558589935,3.0
2014,11,17,0.7686951893071333,7.607889076073964,1.0
2014,11,18,1.0917014613126714,9.935596505800882,2.0
2014,11,19,3.5168556571006775,12.504881699879965,5.0
2014,11,20,3.1554261843363443,11.785648504892984,6.0
2014,11,21,2.182616333166758,7.697329580783844,4.0
2014,11,22,3.9208867326378822,9.708488066991169,2.0
2014,11,23,1.5866042027870815,10.439202229181925,4.0
2014,11,24,0.7227820459132394,9.571648359298706,2.0
2014,11,25,4.5049901604652405,11.620225548744202,3.0
2014,11,26,2.8513185183207193,10.329936742782593,5.0
2014,11,27,0.8799696962038676,7.591176708539327,2.0
2014,11,28,3.2617632150650024,11.125524282455444,2.0
2014,11,29,3.197706550359726,10.908080538113913,5.0
2014,11,30,7.119751274585724,4.738656222820282,3.0
2014,12,1,0.8000215751429399,5.587783773740132,2.0
2014,12,2,0.5990326842293143,6.979115605354309,1.0
2014,12,3,0.6474386130770048,5.688510258992513,1.0
2014,12,4,0.30627368375038105,5.674154222011566,1.0
2014,12,5,-0.2375406085823973,7.445439795653026,1.0
2014,12,6,-0.34858167947580415,9.127542992432913,2.0
2014,12,7,0.820430854956309,6.7026103138923645,2.0
2014,12,8,-0.3686223638554414,9.857012192408243,2.0
2014,12,9,0.6293371176191916,12.03084115187327,5.0
2014,12,10,1.473331489910682,6.917501091957092,5.0
2014,12,11,0.5964176480968794,5.754396518071492,1.0
2014,12,12,0.4610428065061569,6.810674965381622,1.0
2014,12,13,0.45118116222632426,7.546860416730245,2.0
2014,12,14,0.2595722998181979,10.47127240896225,3.0
2014,12,15,1.039512038230896,6.252624789873759,2.0
2014,12,16,0.5124884645144144,6.444470425446828,1.0
2014,12,17,-0.2810046279337257,9.759293874104817,2.0
2014,12,18,0.9704545056835437,10.116892576217651,3.0
2014,12,19,0.3300097935522596,5.752632399400075,2.0
2014,12,20,-0.41220295037298155,5.461849709351857,1.0
2014,12,21,-0.38645027329524356,8.282897551854452,1.0
2014,12,22,0.07576442723317693,9.03411058584849,2.0
2014,12,23,0.6732706899444262,7.513313094774882,2.0
2014,12,24,0.8705424671061337,5.926831841468811,1.0
2014,12,25,-0.4346508501718442,9.100798587004343,1.0
2014,12,26,-0.19790817257792995,11.986299594243368,3.0
2014,12,27,0.08696192947293944,11.138085087140402,5.0
2014,12,28,0.23796729386473695,9.104289253552755,2.0
2014,12,29,0.3847919808079799,7.1205993096033735,2.0
2014,12,30,-0.4235249497287441,4.905168602863948,1.0
2014,12,31,-0.3464277119686206,4.27975661555926,1.0
2015,1,1,-0.24067982903216031,7.572611590226491,1.0
2015,1,2,-0.7747125526269277,9.520038783550262,2.0
2015,1,3,-0.18549273815006018,11.827430446942648,4.0
2015,1,4,0.3604013789833213,11.614822347958883,4.0
2015,1,5,1.0674941120669246,7.072290122509003,3.0
2015,1,6,-0.2724987578888734,7.6972745060920715,2.0
2015,1,7,-0.761201702679197,9.632978737354279,2.0
2015,1,8,-0.03152975688378019,10.10301423072815,4.0
2015,1,9,-0.07632483836884299,8.7994211713473,3.0
2015,1,10,0.5919870703170697,6.949647784233093,2.0
2015,1,11,-0.6894625754406055,9.388906478881836,1.0
2015,1,12,0.2524017998948693,10.7273960908254,3.0
2015,1,13,0.6881878102819124,11.582481861114502,5.0
2015,1,14,1.0113076296402141,12.305111726125082,5.0
2015,1,15,0.05717543357362346,13.934451341629028,6.0
2015,1,16,0.4054183864888425,6.068691233793895,5.0
2015,1,17,-0.15762422047555444,8.946739872296652,2.0
2015,1,18,1.2454270472517237,6.801747798919678,3.0
2015,1,19,0.1279257683393856,8.628343760967255,2.0
2015,1,20,0.9924440992375215,9.286922852198282,3.0
2015,1,21,-0.35873100922132534,9.139611144860586,2.0
2015,1,22,1.446527861058712,12.20765765508016,4.0
2015,1,23,0.571114298683824,11.083351969718933,5.0
2015,1,24,0.9699227369079987,10.932387948036194,3.0
2015,1,25,1.4431017488241196,11.484350522359213,5.0
2015,1,26,0.7627311439913077,6.151402473449707,3.0
2015,1,27,-0.7862308961339295,5.911084334055583,1.0
2015,1,28,-0.326419262525936,9.233449935913086,2.0
2015,1,29,0.9031685891871651,6.446640690167745,3.0
2015,1,30,-0.7255937287118286,5.333358605702718,1.0
2015,1,31,-0.6871546174709996,8.395135164260864,1.0
2015,2,1,-0.8553510519365469,9.606996218363443,2.0
2015,2,2,0.08470216346904635,10.535435994466146,4.0
2015,2,3,1.206898375103871,6.591747462749481,4.0
2015,2,4,0.22624428201622018,5.071829994519551,1.0
2015,2,5,0.021287259645760028,7.9527749220530195,2.0
2015,2,6,0.7527019282182058,7.650312721729279,2.0
2015,2,7,0.15645696657399336,4.84771062930425,1.0
2015,2,8,-0.8709946560362974,8.659936825434366,1.0
2015,2,9,-0.17205501503000656,9.70811371008555,3.0
2015,2,10,1.021457925438881,7.93967745701472,3.0
2015,2,11,1.0796002473992605,5.965615332126617,2.0
2015,2,12,0.14782774843721805,8.68433701992035,1.0
2015,2,13,1.9621385087569554,11.758594473203024,4.0
2015,2,14,1.6492794801791508,13.13951607545217,5.0
2015,2,15,1.0072562508285046,12.082599322001139,6.0
2015,2,16,1.8569277934730053,6.8136968811353045,4.0
2015,2,17,-0.05812546296510843,5.732102831204732,1.0
2015,2,18,-0.608669875189662,12.339377224445343,2.0
2015,2,19,2.2303376644849777,13.30362061659495,5.0
2015,2,20,2.8868865271409354,13.627246737480164,4.0
2015,2,21,7.314225633939107,4.782149275143941,5.0
2015,2,22,3.7242891788482666,5.451680123806,4.0
2015,2,23,0.8247979450970888,9.119150221347809,2.0
2015,2,24,3.7330502470334372,10.860809803009033,4.0
2015,2,25,1.5029134104649227,5.9691222707430525,3.0
2015,2,26,-0.07558237450818223,4.707357009251912,1.0
2015,2,27,-0.12319688002268471,8.021783709526062,1.0
2015,2,28,2.7674637933572135,12.62115474541982,3.0
2015,3,1,0.8897285132358471,8.190276265144348,3.0
2015,3,2,1.4107984801133473,5.303276350100835,2.0
2015,3,3,-0.11529361003097922,3.63749568661054,1.0
2015,3,4,-0.3856203102817138,8.179919679959616,1.0
2015,3,5,0.7269124711553255,9.866326133410135,3.0
2015,3,6,3.2812248369057975,12.326419154802958,5.0
2015,3,7,3.639626751343409,11.905038793881735,5.0
2015,3,8,1.1288164603271678,5.852123975753784,4.0
2015,3,9,-0.48883871190870803,4.6485637327035265,1.0
2015,3,10,0.07444143233199914,7.354006151358287,1.0
2015,3,11,0.46334419430543977,7.942019780476888,2.0
2015,3,12,0.6056261149545511,8.325758417447409,2.0
2015,3,13,0.3098665958580871,8.527726391951242,2.0
2015,3,14,2.240582692126433,10.2636190255483,3.0
2015,3,15,6.920986711978912,9.255334496498108,3.0
2015,3,16,4.686626861492793,11.833128134409586,5.0
2015,3,17,6.211779291431109,7.595014492670695,5.0
2015,3,18,3.620924934744835,8.215227484703064,2.0
2015,3,19,6.6443090836207075,6.934308588504791,3.0
2015,3,20,6.352283537387848,6.375070472558339,3.0
2015,3,21,5.444143672784169,5.362981120745341,2.0
2015,3,22,4.1933140854040785,7.573360244433085,2.0
2015,3,23,4.123410284519196,7.507178246974945,2.0
2015,3,24,2.3879179861396547,9.914008259773254,3.0
2015,3,25,8.29893990357717,9.46107534567515,4.0
2015,3,26,8.39054791132609,9.395266731580097,3.0
2015,3,27,8.739949405193329,8.747790356477102,3.0
2015,3,28,6.386298855145772,6.628847499688466,3.0
2015,3,29,8.359405716260275,12.13502828280131,4.0
2015,3,30,7.986221055189769,12.066749890645346,4.0
2015,3,31,6.832546969254811,9.773675799369812,4.0
2015,4,1,8.374954958756765,6.325408846139908,2.0
2015,4,2,10.267943620681761,4.489198406537374,2.0
2015,4,3,9.614252289136251,5.882551332314809,1.0
2015,4,4,8.04133943716685,7.830565293629964,2.0
2015,4,5,4.201472073793411,5.954460859298706,2.0
2015,4,6,1.9200220592319965,5.561710735162099,1.0
2015,4,7,5.023282852644722,7.654951969782512,1.0
2015,4,8,8.635928471883139,9.450739979743958,3.0
2015,4,9,6.766145825386047,10.913747986157736,5.0
2015,4,10,9.392150004704794,9.597747643788656,5.0
2015,4,11,15.779654582341513,5.706369598706563,4.0
2015,4,12,2.3439630965391793,3.73800328373909,1.0
2015,4,13,7.767125368118286,6.645841757456462,1.0
2015,4,14,8.793723464012146,6.458010733127594,2.0
2015,4,15,7.3105429609616595,5.0456449786822,4.0
2015,4,16,7.2576732238133745,6.476076900959015,3.0
2015,4,17,8.586222648620605,9.383149047692617,3.0
2015,4,18,9.08638346195221,9.212823132673899,4.0
2015,4,19,7.724195142587026,6.844552516937256,2.0
2015,4,20,7.810882826646169,6.942860106627147,2.0
2015,4,21,7.775367319583893,6.631527324517568,3.0
2015,4,22,8.655574440956116,7.607083976268768,2.0
2015,4,23,7.339556256930034,6.583294192949931,2.0
2015,4,24,8.039089858531952,7.613712191581726,3.0
2015,4,25,10.573614756266275,10.141207098960876,2.0
2015,4,26,12.668408354123434,10.742767254511515,3.0
2015,4,27,11.630230029424032,8.909692148367563,3.0
2015,4,28,10.120535612106323,8.859940787156424,2.0
2015,4,29,11.37553071975708,10.468026161193848,4.0
2015,4,30,12.426752050717672,10.258240501085917,4.0
2015,5,1,12.014533003171286,6.562194804350535,3.0
2015,5,2,8.186991592248281,7.34806623061498,2.0
2015,5,3,5.988990902900696,5.166056712468465,2.0
2015,5,4,7.400790512561798,6.170779287815094,2.0
2015,5,5,6.716076711813609,5.233685731887817,2.0
2015,5,6,7.4134127497673035,6.289586226145427,2.0
2015,5,7,8.204626540342966,6.006141026814778,2.0
2015,5,8,8.569572965304056,8.166028340657553,2.0
2015,5,9,7.063330272833507,9.917077501614889,2.0
2015,5,10,7.47919632991155,9.781666020552317,2.0
2015,5,11,10.703731218973795,4.392876406510671,1.0
2015,5,12,10.078481833140055,5.560976604620616,1.0
2015,5,13,7.376741369565328,5.731938223044078,3.0
2015,5,14,9.733002265294393,5.929771105448405,2.0
2015,5,15,8.905538638432821,7.150332152843475,1.0
2015,5,16,11.143587549527487,9.211395740509033,2.0
2015,5,17,10.485312163829803,7.601459364096324,4.0
2015,5,18,7.067460894584656,5.225511431694031,2.0
2015,5,19,7.720748205979665,5.667643030484517,1.0
2015,5,20,8.992671132087708,7.153166075547536,1.0
2015,5,21,10.501346309979757,9.261949261029562,2.0
2015,5,22,12.71721867720286,10.384194334348043,2.0
2015,5,23,13.142699718475342,10.819923321406046,3.0
2015,5,24,12.97887122631073,10.797614971796671,4.0
2015,5,25,13.258260528246561,10.924436370531717,3.0
2015,5,26,13.20990494887034,10.846890449523926,3.0
2015,5,27,13.356565316518148,10.834265033404032,3.0
2015,5,28,13.171414136886597,10.129866083463034,4.0
2015,5,29,12.643912037213644,8.789469997088114,2.0
2015,5,30,12.884301741917929,9.59104037284851,2.0
2015,5,31,12.90653133392334,10.275887966156006,2.0
2015,6,1,13.259728153546652,9.168974022070566,3.0
2015,6,2,9.692876935005188,6.846994678179423,2.0
2015,6,3,9.414297858874003,8.67430947224299,2.0
2015,6,4,10.888800581296286,13.079174876213074,2.0
2015,6,5,13.642852187156677,7.637123028437297,2.0
2015,6,6,14.601792971293131,7.644097745418549,1.0
2015,6,7,12.89626427491506,6.638975163300832,1.0
2015,6,8,11.313754002253214,7.222113211949666,1.0
2015,6,9,13.32707909742991,8.180467824141184,2.0
2015,6,10,15.927799304326376,5.695553719997406,3.0
2015,6,11,10.992524067560831,5.612781385580699,1.0
2015,6,12,14.358584960301718,5.9444207946459455,1.0
2015,6,13,12.785964608192444,5.972726285457611,1.0
2015,6,14,12.752565383911133,9.019765496253967,1.0
2015,6,15,13.42384954293569,10.599930802981058,3.0
2015,6,16,14.632620612780253,9.355098148187002,3.0
2015,6,17,14.57875152428945,5.761020660400391,2.0
2015,6,18,12.573036869366964,6.5008183519045515,1.0
2015,6,19,14.085767110188803,5.760953803857167,1.0
2015,6,20,11.721316854159037,8.502044379711151,1.0
2015,6,21,13.069894949595133,10.299956997235617,2.0
2015,6,22,14.027034084002176,11.147475798924765,3.0
2015,6,23,14.30028227965037,9.880017220973969,5.0
2015,6,24,13.991463939348856,7.637746413548787,4.0
2015,6,25,13.625926931699118,8.695723414421082,4.0
2015,6,26,13.719410300254822,9.183510502179464,3.0
2015,6,27,13.826778491338095,9.982687711715698,3.0
2015,6,28,14.990514794985453,9.7660893201828,5.0
2015,6,29,14.162126978238424,5.390189667542775,3.0
2015,6,30,11.047987739245096,5.87136447429657,1.0
2015,7,1,11.049516638120016,5.7359655896822614,1.0
2015,7,2,11.03863767782847,6.0474677085876465,1.0
2015,7,3,11.16428037484487,7.447831432024638,1.0
2015,7,4,12.008656899134317,7.285244464874268,2.0
2015,7,5,13.075924317042032,9.828738252321878,2.0
2015,7,6,13.037161111831665,9.847502946853638,2.0
2015,7,7,13.42511792977651,10.455171902974447,3.0
2015,7,8,13.509220083554586,10.482706824938456,4.0
2015,7,9,12.75976558526357,9.108327587445578,2.0
2015,7,10,13.161357839902243,9.739951610565186,2.0
2015,7,11,13.857998887697855,11.0409543911616,3.0
2015,7,12,13.404391606648764,9.427896817525228,4.0
2015,7,13,12.694745699564615,9.124844233194986,2.0
2015,7,14,13.319873929023743,8.597394247849783,2.0
2015,7,15,15.496532162030539,6.528129359086354,2.0
2015,7,16,13.009154756863913,5.260122696558635,1.0
2015,7,17,15.221573313077291,6.023173987865448,1.0
2015,7,18,15.415129780769348,6.2424822847048445,2.0
2015,7,19,16.339721361796062,6.29821499188741,2.0
2015,7,20,14.28363811969757,7.503914177417755,2.0
2015,7,21,14.013180573781332,8.93929793437322,4.0
2015,7,22,15.634455998738607,5.843551933765411,2.0
2015,7,23,13.255171656608582,8.894043525060018,2.0
2015,7,24,13.181872844696045,9.070491909980774,2.0
2015,7,25,13.772281487782797,10.830929199854532,3.0
2015,7,26,14.025828957557678,9.741943120956421,4.0
2015,7,27,15.631577531496683,5.799759745597839,3.0
2015,7,28,13.232260664304098,9.083458622296652,2.0
2015,7,29,14.681063850720724,8.970890045166016,3.0
2015,7,30,16.286618034044903,6.018657386302948,1.0
2015,7,31,13.76984147230784,6.964149097601573,1.0
2015,8,1,15.933860222498575,5.656338334083557,3.0
2015,8,2,13.489778081576029,7.7887060443560285,2.0
2015,8,3,12.280551989873251,6.421529114246368,2.0
2015,8,4,12.954464634259542,8.560475746790567,1.0
2015,8,5,13.855255643526712,9.122421026229858,3.0
2015,8,6,11.739285230636597,8.446899513403574,2.0
2015,8,7,13.271848599116007,6.380781948566437,3.0
2015,8,8,12.609053452809652,8.229669988155365,1.0
2015,8,9,12.810999433199564,8.761740922927856,2.0
2015,8,10,12.852340380350748,9.101625521977743,1.0
2015,8,11,13.27075437704722,10.068705121676127,3.0
2015,8,12,13.6322549978892,10.658829808235167,3.0
2015,8,13,13.84467645486196,9.76637405157089,4.0
2015,8,14,11.646874189376831,6.938064813613892,2.0
2015,8,15,11.512873570124308,7.513407985369365,1.0
2015,8,16,12.825426936149597,9.62465900182724,2.0
2015,8,17,8.208430071671804,5.649950126806895,3.0
2015,8,18,12.18798859914144,7.953042964140574,2.0
2015,8,19,12.08353324731191,7.035613497098287,2.0
2015,8,20,11.977076172828674,6.924915075302124,1.0
2015,8,21,11.882224440574646,6.714207748572032,1.0
2015,8,22,12.153991937637329,5.73538339138031,1.0
2015,8,23,11.927921732266745,5.539845685164134,1.0
2015,8,24,11.847673376401266,5.583342413107554,1.0
2015,8,25,11.85036027431488,5.589205423990886,1.0
2015,8,26,11.841432730356852,5.6326443155606585,1.0
2015,8,27,11.745628754297892,5.881803731123607,1.0
2015,8,28,12.013793309529623,6.760345379511516,1.0
2015,8,29,12.431120038032532,6.881127138932546,1.0
2015,8,30,12.468848466873169,5.1487531264623,1.0
2015,8,31,13.348620216051737,5.118423183759053,1.0
2015,9,1,11.901597142219543,5.494552711645762,1.0
2015,9,2,11.751968065897623,5.637139797210693,1.0
2015,9,3,13.144543051719666,5.940292239189148,1.0
2015,9,4,15.01198641459147,5.3425456285476685,1.0
2015,9,5,12.34143853187561,5.464903215567271,1.0
2015,9,6,10.049654126167297,7.042853613694509,1.0
2015,9,7,9.608975966771444,8.02401194969813,1.0
2015,9,8,9.080976446469625,7.811025500297546,2.0
2015,9,9,8.6378302971522,4.31116537253062,1.0
2015,9,10,9.10766883691152,4.399404207865397,1.0
2015,9,11,10.803391615549723,5.749079744021098,1.0
2015,9,12,8.872970422108969,7.307829042275746,1.0
2015,9,13,8.954317291577658,8.081031839052836,2.0
2015,9,14,8.87736576795578,8.654794096946716,2.0
2015,9,15,6.596785128116608,11.069050868352255,3.0
2015,9,16,6.5283559163411455,11.203361431757608,4.0
2015,9,17,7.319180170694987,10.130272050698599,5.0
2015,9,18,9.761634508768717,6.98034652074178,3.0
2015,9,19,9.355673233668009,7.893268366654714,1.0
2015,9,20,9.645251313845316,8.4410849014918,2.0
2015,9,21,11.785859982172648,9.306894898414612,3.0
2015,9,22,12.167776306470236,6.509870807329814,4.0
2015,9,23,11.527642409006754,7.228912015755971,1.0
2015,9,24,15.950864513715109,5.672545254230499,3.0
2015,9,25,8.174459358056387,7.702920814355214,1.0
2015,9,26,8.382657766342163,8.131429930528004,2.0
2015,9,27,8.038509031136831,8.607073028882345,2.0
2015,9,28,6.602284908294678,10.181683937708536,2.0
2015,9,29,7.035358428955078,10.355910499890644,2.0
2015,9,30,6.764557580153148,9.608653942743937,2.0
2015,10,1,7.599010030428569,7.194713632265727,1.0
2015,10,2,8.15230792760849,7.836940387884776,2.0
2015,10,3,6.634663840134938,9.086680928866068,2.0
2015,10,4,5.845442354679108,11.600798527399698,3.0
2015,10,5,5.157028476397197,12.987774213155111,5.0
2015,10,6,5.15242201089859,12.995886047681173,6.0
2015,10,7,4.437724530696869,9.804964125156403,6.0
2015,10,8,6.331197082996368,7.123883962631226,1.0
2015,10,9,4.64678539832433,6.3125056227048235,1.0
2015,10,10,5.336170295874278,6.953843990961711,1.0
2015,10,11,5.594005982081096,7.3782931963602705,1.0
2015,10,12,8.164214293162027,7.741088052590688,2.0
2015,10,13,7.813281277815501,8.25435640414556,2.0
2015,10,14,6.443572163581848,10.37956722577413,2.0
2015,10,15,5.852412581443787,11.574498653411865,3.0
2015,10,16,5.139100174109141,12.946680506070456,5.0
2015,10,17,4.480597128470738,10.919598539670309,6.0
2015,10,18,5.773902078469594,8.980888644854227,2.0
2015,10,19,6.0789511402448015,9.940718650817871,2.0
2015,10,20,6.57414968808492,10.154290636380514,3.0
2015,10,21,6.823587854703267,10.27050785223643,2.0
2015,10,22,6.661111672719319,9.916577021280924,2.0
2015,10,23,6.418004870414734,9.63857626914978,2.0
2015,10,24,5.612759967645009,9.569506088892618,2.0
2015,10,25,6.084907094637553,9.846229036649069,2.0
2015,10,26,5.599981307983398,7.576373219490051,2.0
2015,10,27,4.0234361688296,6.61327737569809,2.0
2015,10,28,3.194682647784551,6.121626118818919,1.0
2015,10,29,3.701897924145063,6.483113427956899,1.0
2015,10,30,4.964571754137675,8.334730466206869,1.0
2015,10,31,4.917701403299968,8.716522852579752,2.0
2015,11,1,4.809389134248097,8.999966065088907,2.0
2015,11,2,5.245921015739441,9.720176458358763,2.0
2015,11,3,5.607946316401164,11.553048213322958,4.0
2015,11,4,4.553630789120992,11.566264033317566,5.0
2015,11,5,3.139419207970301,4.768555025259654,4.0
2015,11,6,2.9248366951942444,2.998882124821345,1.0
2015,11,7,3.164512981971105,3.3508601983388266,1.0
2015,11,8,4.145826359589894,14.086346904436747,2.0
2015,11,9,3.675824145476023,14.968797127405802,4.0
2015,11,10,3.638431658347448,15.12993816534678,4.0
2015,11,11,3.361442963282267,15.078110059102377,3.0
2015,11,12,1.7653215328852336,14.303421258926392,5.0
2015,11,13,1.6689719905455906,13.93133250872294,5.0
2015,11,14,1.3400766514241695,12.832992434501648,6.0
2015,11,15,2.931132080654303,11.221880793571472,5.0
2015,11,16,4.274191836516063,9.618582089742025,2.0
2015,11,17,4.385339180628459,10.758968591690063,2.0
2015,11,18,3.8122101624806723,14.573584119478861,2.0
2015,11,19,3.935953219731649,15.827544291814169,3.0
2015,11,20,3.9117932120958963,15.947060147921244,3.0
2015,11,21,0.6276927093664805,10.59391756852468,2.0
2015,11,22,-2.6277138690153756,4.655063947041829,2.0
2015,11,23,-2.3358232378959656,4.576162219047546,1.0
2015,11,24,-1.9814318269491196,4.476694305737813,1.0
2015,11,25,-0.44127176042093197,4.846728563308716,2.0
2015,11,26,-0.6037797120710214,9.353756129741669,1.0
2015,11,27,1.167636473973592,12.621781865755716,5.0
2015,11,28,0.9129949063062668,12.660631577173868,6.0
2015,11,29,0.5800412952279052,12.070950547854105,5.0
2015,11,30,-0.25825045040498174,14.480820496877035,6.0
2015,12,1,0.6962429375077287,12.439793268839518,6.0
2015,12,2,1.4862203001976013,4.802037378152211,2.0
2015,12,3,0.6056003654375672,5.242057184378306,1.0
2015,12,4,-0.10875422049624224,7.745147168636322,2.0
2015,12,5,-0.6273952322080731,9.702590783437094,2.0
2015,12,6,0.4796297537783782,11.277942617734274,4.0
2015,12,7,0.7703089999655882,13.596983353296915,5.0
2015,12,8,1.3544743309418361,13.960435628890991,6.0
2015,12,9,1.7221946865320206,12.287872711817423,6.0
2015,12,10,1.0804019633991022,6.625353614489238,3.0
2015,12,11,-0.5616616841095189,9.741499900817871,2.0
2015,12,12,0.6694522823284691,12.267945925394693,4.0
2015,12,13,0.45007246600774425,13.293524424235025,5.0
2015,12,14,1.651133733491103,7.411212543646495,5.0
2015,12,15,0.48519245224694413,5.008044262727101,1.0
2015,12,16,-0.401602870086208,5.561515589555104,1.0
2015,12,17,-0.35493534927566844,8.228873193264008,2.0
2015,12,18,-0.6313760238105411,9.702938576539358,2.0
2015,12,19,0.44533994421362877,12.105268796284994,4.0
2015,12,20,0.968995397289594,12.098903814951578,5.0
2015,12,21,0.7254997878335416,12.302460233370462,5.0
2015,12,22,0.4731290517374873,13.476863423983255,5.0
2015,12,23,0.3531707096844912,11.054282744725546,5.0
2015,12,24,-0.34393372156409896,14.707511703173319,5.0
2015,12,25,-0.2304477235302329,14.932671268781027,6.0
2015,12,26,1.392448612799247,9.38477369149526,6.0
2015,12,27,-0.6430885599305233,8.23884524901708,2.0
2015,12,28,-0.589453871982793,10.20746922492981,3.0
2015,12,29,-0.05432028333113218,14.121577541033426,5.0
2015,12,30,0.6874078485028198,6.688764254252116,5.0
2015,12,31,-0.496379908795158,9.974884609381357,2.0
2016,1,1,0.6830843492255857,12.505325476328531,5.0
2016,1,2,-0.09643607811691858,14.369631091753641,6.0
2016,1,3,1.4445958770811558,10.53796923160553,6.0
2016,1,4,-0.43141444694871706,5.474632740020752,2.0
2016,1,5,-0.3789373365677117,5.522847692171733,1.0
2016,1,6,-0.4448229031016429,5.265206217765808,1.0
2016,1,7,-0.36254951109488803,5.491746604442596,1.0
2016,1,8,-0.2650477148902913,7.816275695959727,1.0
2016,1,9,0.10115070641040802,7.608275234699249,2.0
2016,1,10,-0.4692738607215385,5.4242822130521136,2.0
2016,1,11,-0.7428673890729746,5.051349302132924,1.0
2016,1,12,-0.31176343428281444,5.401035149892171,1.0
2016,1,13,0.2512691766023636,6.689561088879903,1.0
2016,1,14,-0.16829520165144154,9.420790831247965,2.0
2016,1,15,0.7526379997531573,11.27907923857371,4.0
2016,1,16,1.2357713282108307,9.516701757907867,4.0
2016,1,17,-0.04051850045410295,5.365967035293579,2.0
2016,1,18,-0.3069233536565055,5.084247688452403,1.0
2016,1,19,-0.37421234262486297,9.352394998073578,2.0
2016,1,20,0.5695860138900267,11.095156947771708,3.0
2016,1,21,1.4501193861166637,9.168807625770569,4.0
2016,1,22,-2.190221185485522,2.5659981866677604,1.0
2016,1,23,-2.2916557838519416,2.8340945839881897,1.0
2016,1,24,-0.6743046549769739,5.019800583521525,2.0
2016,1,25,-0.33773927576839924,5.692299048105876,1.0
2016,1,26,-0.6549277502732972,8.511251072088877,1.0
2016,1,27,-0.43190941493958235,9.999110102653503,3.0
2016,1,28,-0.4509993114819129,9.51583762963613,4.0
2016,1,29,0.8447513580322266,9.726537148157755,3.0
2016,1,30,0.12677013594657185,5.66129453976949,2.0
2016,1,31,-0.7439307322104772,5.052314301331838,1.0
2016,2,1,-0.7089828203121821,5.159449597199758,1.0
2016,2,2,-0.5255006834243735,5.689399600028992,1.0
2016,2,3,-0.4060018147962789,5.5549303094546,1.0
2016,2,4,-0.550658991948391,5.28152334690094,1.0
2016,2,5,-0.38856879278318956,4.732756634553273,1.0
2016,2,6,-0.12827875899771848,7.288517355918884,1.0
2016,2,7,-0.48285177707051236,11.810192306836447,2.0
2016,2,8,1.7324305375417073,6.454966247081757,5.0
2016,2,9,0.037502466002479196,8.938664774099985,2.0
2016,2,10,0.24671860318630934,11.843911210695902,4.0
2016,2,11,1.0488668158650398,12.364410638809204,5.0
2016,2,12,2.2756822953621545,8.471095581849417,5.0
2016,2,13,0.3471629408110554,4.219444731871287,1.0
2016,2,14,-0.2619699976251771,4.609438260396321,1.0
2016,2,15,1.1738166883587837,5.015429000059764,1.0
2016,2,16,1.1012681828190882,5.364545563856761,1.0
2016,2,17,0.6376363032807907,7.112116098403931,2.0
2016,2,18,1.0933007076382637,5.514869749546051,1.0
2016,2,19,0.24064935510978103,5.028623799482982,1.0
2016,2,20,-0.2630249212185542,7.993037799994151,1.0
2016,2,21,0.9100723303854465,9.750537196795145,2.0
2016,2,22,0.7251464660512283,5.751369853814443,3.0
2016,2,23,-0.6787750646471977,4.738802949587504,1.0
2016,2,24,-0.46292734790282936,5.587035179138184,1.0
2016,2,25,0.13626630173409163,6.938710014025371,1.0
2016,2,26,0.5874526388943194,7.060757299264272,2.0
2016,2,27,0.4312307508662343,7.938392102718353,1.0
2016,2,28,0.41103991121053696,5.929438432057698,1.0
2016,2,29,-0.41222020065955195,8.630211174488068,1.0
2016,3,1,1.6571354021628697,10.888391772905985,4.0
2016,3,2,2.233515277504921,11.6268972158432,5.0
2016,3,3,2.1526289731264114,13.259237051010132,6.0
2016,3,4,2.3749762773513794,9.788164734840393,6.0
2016,3,5,4.471978763739268,5.873771031697591,3.0
2016,3,6,3.2811566392580667,8.69797126452128,2.0
2016,3,7,0.5631321358960122,5.011287361383438,2.0
2016,3,8,-0.4168946504360065,4.607522487640381,1.0
2016,3,9,-0.5374634057516232,5.059335827827454,1.0
2016,3,10,-0.2921565137803554,5.524881720542908,1.0
2016,3,11,0.1036551743745804,8.36994981765747,1.0
2016,3,12,1.6354335273305576,9.960540692011515,4.0
2016,3,13,0.41107402412065613,8.293035984039307,3.0
2016,3,14,2.058649758497874,9.429343620936075,3.0
2016,3,15,2.9214298129081726,11.877668023109436,4.0
2016,3,16,3.480624884366989,12.989391446113586,6.0
2016,3,17,3.564476639032364,12.070729692776998,6.0
2016,3,18,5.632135887940724,7.384330610434215,5.0
2016,3,19,5.585793107748032,8.610087871551514,2.0
2016,3,20,3.858614102782061,8.853691299756369,2.0
2016,3,21,7.369324704011281,10.086238900820414,4.0
2016,3,22,0.9262679517269133,7.643328030904134,3.0
2016,3,23,0.2688751243986189,4.994014859199524,1.0
2016,3,24,0.66092583630234,5.867183526357015,1.0
2016,3,25,0.451739087079962,6.49189434448878,1.0
2016,3,26,3.117096242805322,5.5906749566396075,1.0
2016,3,27,6.860641221205394,6.299955228964488,1.0
2016,3,28,6.899528682231903,5.879551847775777,3.0
2016,3,29,5.929139852523804,5.3189050157864886,1.0
2016,3,30,7.926618158817291,7.613144497076671,1.0
2016,3,31,8.644154926141104,8.872429748376211,5.0
2016,4,1,5.948703984419505,5.563803533713023,3.0
2016,4,2,5.870493630568187,4.958489537239075,1.0
2016,4,3,7.521905362606049,6.742127637068431,1.0
2016,4,4,8.979135473569235,9.223268409570059,3.0
2016,4,5,7.990053633848826,9.807246883710226,4.0
2016,4,6,4.539720843235652,10.98230250676473,4.0
2016,4,7,5.916795432567596,5.383634984493256,3.0
2016,4,8,7.1077654560407,5.492100944121678,2.0
2016,4,9,7.082109133402507,3.5739703277746835,3.0
2016,4,10,6.916302978992462,4.143330276012421,3.0
2016,4,11,7.986620982487996,6.6916088461875916,2.0
2016,4,12,7.3000609676043196,9.589117487271627,3.0
2016,4,13,7.189014037450154,5.233258942763011,5.0
2016,4,14,7.242060820261638,6.806529760360718,2.0
2016,4,15,7.492557903130849,7.768561005592346,2.0
2016,4,16,5.977210978666942,5.643367568651835,3.0
2016,4,17,5.921521008014679,5.24101988474528,1.0
2016,4,18,6.635658284028371,7.752618769804637,1.0
2016,4,19,10.25492012500763,8.650866707166037,3.0
2016,4,20,12.626374085744223,7.155372321605682,2.0
2016,4,21,7.065057178338368,5.469924827416738,4.0
2016,4,22,6.126571277777354,5.277767936388652,2.0
2016,4,23,7.650689264138539,7.015758136908214,1.0
2016,4,24,10.071071982383728,9.811822613080343,3.0
2016,4,25,10.382852753003439,10.785874565442404,3.0
2016,4,26,9.19634117682775,8.986072063446045,2.0
2016,4,27,7.660471141338348,9.945656299591064,3.0
2016,4,28,11.352337718009949,10.297126372655233,3.0
2016,4,29,13.579959988594055,11.657544811566671,4.0
2016,4,30,14.485213001569113,10.815351088841757,5.0
2016,5,1,12.908374667167664,7.882967432339986,5.0
2016,5,2,9.88269873460134,4.405222574869792,
2016,5,3,9.978136022885641,5.71729443470637,2.0
2016,5,4,9.38494869073232,6.4972607890764875,2.0
2016,5,5,7.592560887336731,5.40517395734787,2.0
2016,5,6,6.148384253184001,5.067416707674663,2.0
2016,5,7,7.626775443553925,6.8155514399210615,1.0
2016,5,8,10.26904042561849,8.470312436421713,2.0
2016,5,9,11.485535661379496,6.485342065493266,2.0
2016,5,10,11.54696532090505,9.106234530607859,1.0
2016,5,11,15.84984258810679,6.273044188817342,4.0
2016,5,12,9.051524221897125,7.204385618368785,1.0
2016,5,13,8.36586332321167,8.060847759246826,2.0
2016,5,14,7.296864330768585,9.120820065339405,2.0
2016,5,15,8.40796717007955,7.062357147534688,1.0
2016,5,16,10.077248533566793,7.667154630025228,1.0
2016,5,17,12.7061816851298,10.298243284225464,2.0
2016,5,18,12.806423584620157,10.353004296620686,2.0
2016,5,19,13.324121356010437,10.649604519208273,3.0
2016,5,20,11.30628216266632,8.388685444990793,3.0
2016,5,21,10.409496506055197,4.4997468789418535,2.0
2016,5,22,11.182233969370523,5.152658859888713,2.0
2016,5,23,12.099611242612204,6.406692663828532,2.0
2016,5,24,11.458619991938273,6.382907847563426,1.0
2016,5,25,9.953484336535135,6.249618669350942,1.0
2016,5,26,10.194748401641846,7.979682485262553,1.0
2016,5,27,11.753320813179016,9.780547499656677,2.0
2016,5,28,12.550290703773499,8.668746689955393,2.0
2016,5,29,10.586329062779745,8.539631605148315,1.0
2016,5,30,13.797265450159708,10.056071281433105,3.0
2016,5,31,10.730414152145386,5.7294487953186035,2.0
2016,6,1,11.690093437830607,8.77481452624003,2.0
2016,6,2,12.608525594075521,10.269928018252054,2.0
2016,6,3,13.108164270718893,10.689417044321695,2.0
2016,6,4,13.301056981086731,10.587927659352621,3.0
2016,6,5,12.854358951250711,9.455078383286795,2.0
2016,6,6,15.867603540420532,5.653738399346669,2.0
2016,6,7,12.460314432779947,9.227025469144186,2.0
2016,6,8,13.774197260538736,10.592780152956644,4.0
2016,6,9,14.535682161649069,8.471209168434141,3.0
2016,6,10,12.839153289794922,7.987859884897868,2.0
2016,6,11,11.676966627438864,8.122866292794546,1.0
2016,6,12,13.954128781954447,9.20331221818924,2.0
2016,6,13,13.639764904975891,5.2768798271814985,2.0
2016,6,14,11.344945033391317,5.553907573223114,1.0
2016,6,15,11.579413811365763,6.647810300191243,1.0
2016,6,16,11.28522264957428,6.6258766651153564,1.0
2016,6,17,11.340897480646769,6.694484055042267,1.0
2016,6,18,12.868988394737244,10.228781382242838,2.0
2016,6,19,13.423018018404642,10.518195708592733,2.0
2016,6,20,14.02412752310435,10.027110079924265,3.0
2016,6,21,15.418088475863138,6.034910639127095,3.0
2016,6,22,13.804941495259603,9.836654663085936,2.0
2016,6,23,14.619463443756104,7.800368845462799,3.0
2016,6,24,13.638559897740683,7.258099675178528,1.0
2016,6,25,11.95694108804067,8.46211846669515,1.0
2016,6,26,13.168387214342753,8.854491968949636,2.0
2016,6,27,14.635717908541361,6.193264722824097,2.0
2016,6,28,13.47024150689443,6.7832833131154375,2.0
2016,6,29,13.465296030044556,9.197644591331482,3.0
2016,6,30,12.67272675037384,8.067677279313406,2.0
2016,7,1,11.867377638816833,6.659285028775533,1.0
2016,7,2,12.891567150751749,8.628808577855429,2.0
2016,7,3,13.316157499949137,9.42078709602356,2.0
2016,7,4,13.618598739306131,9.784627477327982,4.0
2016,7,5,13.272133350372314,10.481803933779398,3.0
2016,7,6,13.48539670308431,10.563280860582987,3.0
2016,7,7,13.712870677312216,10.453411738077799,3.0
2016,7,8,13.609248439470926,10.186499436696371,3.0
2016,7,9,13.682600736618042,10.729797919591268,2.0
2016,7,10,13.580013791720072,10.293694257736206,3.0
2016,7,11,13.704809586207071,9.11657420794169,3.0
2016,7,12,12.305613199869791,6.5160190264383955,2.0
2016,7,13,13.056512673695883,8.328577895959219,1.0
2016,7,14,14.666418313980103,6.541315972805023,2.0
2016,7,15,12.925931731859842,5.421143591403961,1.0
2016,7,16,12.539460380872091,6.899219552675883,1.0
2016,7,17,13.770714918772379,9.253493050734201,3.0
2016,7,18,14.049532055854797,6.56600284576416,3.0
2016,7,19,15.649764895439148,6.752299765745799,3.0
2016,7,20,14.856555581092834,5.039911409219106,2.0
2016,7,21,13.147590835889181,6.898730715115865,1.0
2016,7,22,13.69491203625997,9.006426513195038,2.0
2016,7,23,15.610336780548096,5.890898883342743,3.0
2016,7,24,13.789791703224182,7.736645460128784,2.0
2016,7,25,12.374683340390524,6.510093371073405,1.0
2016,7,26,12.414792974789938,8.397648016611734,1.0
2016,7,27,13.327310919761658,9.437559763590494,2.0
2016,7,28,13.274211724599203,9.207927902539572,2.0
2016,7,29,14.420820474624634,10.956961472829184,4.0
2016,7,30,15.520649631818136,7.454549690087636,4.0
2016,7,31,13.769532481829325,6.958106160163879,2.0
2016,8,1,12.924775242805481,8.443389693895975,2.0
2016,8,2,12.681379238764444,8.372063318888346,2.0
2016,8,3,13.278600056966146,9.597556869188944,2.0
2016,8,4,13.794499595959982,9.721196810404459,4.0
2016,8,5,13.461817701657614,9.132142464319864,2.0
2016,8,6,13.931210239728292,8.116415043671926,3.0
2016,8,7,13.232921560605368,7.156395236651103,1.0
2016,8,8,12.656179070472717,8.798675974210104,1.0
2016,8,9,13.566131114959717,9.910802165667215,2.0
2016,8,10,13.707851648330688,9.381991585095724,3.0
2016,8,11,13.60362176100413,8.262219349543253,3.0
2016,8,12,12.458419879277548,5.473872264226277,2.0
2016,8,13,11.86637278397878,5.639542718728383,1.0
2016,8,14,13.207125306129456,7.292067190011342,1.0
2016,8,15,12.262061278025309,6.367652813593547,1.0
2016,8,16,13.010354598363241,7.805639266967773,1.0
2016,8,17,15.333820581436157,6.392792960007985,2.0
2016,8,18,13.451597571372986,5.443177223205566,2.0
2016,8,19,12.71304476261139,7.938464979330699,1.0
2016,8,20,12.36667013168335,8.64134124914805,2.0
2016,8,21,13.540514508883158,10.160706917444864,2.0
2016,8,22,13.143415570259094,9.161258498827616,3.0
2016,8,23,13.128994146982828,8.652187665303549,2.0
2016,8,24,13.067177732785543,7.944126725196838,3.0
2016,8,25,10.965262532234192,5.878177801767985,1.0
2016,8,26,9.9152063926061,6.839182396729787,1.0
2016,8,27,10.029254833857218,6.542800625165303,1.0
2016,8,28,10.195946137110392,6.8307879368464155,1.0
2016,8,29,10.295051336288452,6.966135760148366,2.0
2016,8,30,11.0663374265035,6.7855523228645325,2.0
2016,8,31,9.73896582921346,5.40352459748586,1.0
2016,9,1,11.053781628608704,5.055476784706116,1.0
2016,9,2,11.531795660654703,5.328680872917175,1.0
2016,9,3,12.834738413492838,7.651867886384328,1.0
2016,9,4,12.477277994155884,6.238439540068309,3.0
2016,9,5,10.45394452412923,5.645807385444641,1.0
2016,9,6,12.291071573893229,5.692041337490082,1.0
2016,9,7,12.937464038530985,5.997665127118428,2.0
2016,9,8,10.388654987017313,5.66488931576411,2.0
2016,9,9,10.40713139375051,5.6725995143254595,1.0
2016,9,10,15.370509068171183,5.916301945845286,1.0
2016,9,11,13.290297945340475,4.66548764705658,1.0
2016,9,12,12.066100478172302,6.0535077055295305,1.0
2016,9,13,10.265026489893595,8.975724220275879,3.0
2016,9,14,10.417661428451538,8.843126138051352,4.0
2016,9,15,10.34226127465566,9.060229063034058,3.0
2016,9,16,11.11391278107961,7.76112421353658,4.0
2016,9,17,13.383834958076477,4.930717706680298,2.0
2016,9,18,11.746355692545572,4.701219956080119,1.0
2016,9,19,9.925803422927856,5.59344897667567,1.0
2016,9,20,9.377548853556315,6.757862746715546,1.0
2016,9,21,9.803518136342365,8.683212240537008,2.0
2016,9,22,10.149580836296082,8.950453400611877,3.0
2016,9,23,10.425195535024008,8.873504161834717,4.0
2016,9,24,10.413061221440634,9.14545480410258,3.0
2016,9,25,12.981436292330423,6.419412871201833,5.0
2016,9,26,8.588641544183096,7.963373462359111,2.0
2016,9,27,5.122771183649699,7.539259135723114,1.0
2016,9,28,6.094215512275696,8.269197622934977,1.0
2016,9,29,7.678866744041443,8.523974359035492,2.0
2016,9,30,6.742792169253032,11.762028892834982,3.0
2016,10,1,7.421680589516957,12.759520530700684,5.0
2016,10,2,9.051584362983704,9.257270256678263,5.0
2016,10,3,8.821935633818308,9.293026645978292,3.0
2016,10,4,6.960109909375508,10.37117592493693,2.0
2016,10,5,6.846615771452586,10.114093701044718,2.0
2016,10,6,7.078101833661397,11.095326900482178,3.0
2016,10,7,6.315228839715322,9.567921539147695,2.0
2016,10,8,5.551914135615031,8.035115480422974,1.0
2016,10,9,5.912688155968984,9.286802053451538,2.0
2016,10,10,6.081708788871765,10.712463021278381,3.0
2016,10,11,6.5356690883636475,10.034639437993366,4.0
2016,10,12,5.80715145667394,10.666310747464498,3.0
2016,10,13,5.750376562277476,11.667120218276978,4.0
2016,10,14,5.108837246894836,11.712432265281677,5.0
2016,10,15,5.926239728927612,11.172916849454245,4.0
2016,10,16,7.049823701381683,9.88521142800649,4.0
2016,10,17,7.155172010262807,8.81468246380488,2.0
2016,10,18,5.546359419822693,11.451937198638916,3.0
2016,10,19,5.200445254643758,11.452523390452066,5.0
2016,10,20,6.71326885620753,10.1079314549764,3.0
2016,10,21,6.691938241322835,9.625904401143393,2.0
2016,10,22,5.410779575506846,7.69579416513443,1.0
2016,10,23,5.693777501583099,8.987061222394308,1.0
2016,10,24,5.976611773173015,10.172960638999939,2.0
2016,10,25,5.071333507696788,9.26520017782847,3.0
2016,10,26,6.290957967440288,8.675074060757956,2.0
2016,10,27,6.308240095774333,9.008253335952759,2.0
2016,10,28,4.76928065220515,8.121711015701294,1.0
2016,10,29,4.657463252544403,8.839536984761557,2.0
2016,10,30,1.243552318153282,6.558674434820811,2.0
2016,10,31,2.4466622173786163,7.277604758739471,1.0
2016,11,1,4.839616258939107,9.26547129948934,2.0
2016,11,2,4.443741083145142,11.51869777838389,3.0
2016,11,3,4.128687798976898,12.289477705955505,5.0
2016,11,4,4.215862075487773,12.288334409395853,5.0
2016,11,5,4.797013700008392,10.915896018346151,5.0
2016,11,6,4.426652550697327,9.13888974984487,2.0
2016,11,7,4.343284378449122,7.554543316364288,2.0
2016,11,8,3.519568004955848,9.697649637858072,2.0
2016,11,9,1.876218454291423,11.419964750607809,4.0
2016,11,10,3.9103892743587494,10.444751858711243,5.0
2016,11,11,4.351050992806752,9.377975900967916,3.0
2016,11,12,4.316271434227626,10.139387607574463,2.0
2016,11,13,2.993838886419932,9.752613147099812,3.0
2016,11,14,1.0962460928906996,5.997101108233134,2.0
2016,11,15,1.5423121911784012,8.879677812258402,2.0
2016,11,16,1.6634129732847214,11.653643647829691,3.0
2016,11,17,1.8161886235078175,12.370554804801941,5.0
2016,11,18,3.14269811908404,10.87524676322937,5.0
2016,11,19,4.44211749235789,9.966701666514078,3.0
2016,11,20,2.481172760327657,4.378176033496857,2.0
2016,11,21,0.17496992806748798,4.288117527961731,1.0
2016,11,22,-0.7724887716273466,5.184389968713124,1.0
2016,11,23,-0.6544305980205536,6.339197019735972,1.0
2016,11,24,-0.423077592626214,9.940657039483389,2.0
2016,11,25,0.887221053785955,12.98740029335022,4.0
2016,11,26,2.8215594987074533,10.982763767242432,5.0
2016,11,27,0.13028246971468124,7.698305467764537,3.0
2016,11,28,-0.36910250565658015,9.480438947677612,2.0
2016,11,29,0.6683202752222618,10.843567252159119,2.0
2016,11,30,1.4356627460413922,7.15820837020874,3.0
2016,12,1,-0.4249424400428931,7.633084158102672,2.0
2016,12,2,-0.5321971364319324,10.191513816515604,2.0
2016,12,3,-0.0985831029053467,14.236886064211527,5.0
2016,12,4,1.4225347079336643,11.314319928487143,6.0
2016,12,5,0.2118581850469733,8.698128004868826,3.0
2016,12,6,-0.042962103529134786,10.656741499900818,3.0
2016,12,7,1.3513663249711196,10.722193161646524,3.0
2016,12,8,1.282222934688131,6.576518694559733,3.0
2016,12,9,-0.2616548487761368,8.092078228791555,1.0
2016,12,10,-0.7952055061856905,9.763540903727213,2.0
2016,12,11,0.5334930038855722,12.383388638496399,5.0
2016,12,12,1.5763937185208003,10.211297571659088,5.0
2016,12,13,-0.22494865953922272,5.380772054195404,2.0
2016,12,14,-0.22869284282205626,8.044546981652578,1.0
2016,12,15,-0.20295540072644747,6.7094873785972595,1.0
2016,12,16,-0.5114972204901278,10.016995012760162,2.0
2016,12,17,0.5885790470056236,12.924946983655294,5.0
2016,12,18,0.7900935678432385,12.190271854400635,5.0
2016,12,19,-0.22667994407432465,14.139177242914835,5.0
2016,12,20,-0.5564005499084791,15.170246084531149,6.0
2016,12,21,0.34546244664428133,13.568008621533712,6.0
2016,12,22,0.7083324482664466,5.666334907213847,4.0
2016,12,23,-0.7194243878281364,9.130488336086273,1.0
2016,12,24,0.45014718392242986,11.170888304710388,3.0
2016,12,25,1.1987183789412181,9.95380574464798,4.0
2016,12,26,0.022873626401027043,5.585964520772298,2.0
2016,12,27,-0.18249058661361536,8.60307490825653,2.0
2016,12,28,0.40596626000478864,6.385927677154541,3.0
2016,12,29,-0.6556901823108395,9.37549501657486,2.0
2016,12,30,0.4596924763172865,12.833946744600931,5.0
2016,12,31,-0.3135636262595653,14.376312573750814,5.0
2017,1,1,-0.12553806828024486,14.705156485239664,6.0
2017,1,2,0.3533182170164461,13.174521287282309,5.0
2017,1,3,-0.267002343510588,14.48597510655721,6.0
2017,1,4,-0.34582034156968194,14.927993496259054,6.0
2017,1,5,0.3385778163404514,13.583939592043558,5.0
2017,1,6,0.6583576065798601,12.819928606351217,5.0
2017,1,7,1.5751082450151443,10.139655907948812,5.0
2017,1,8,0.9764238966163248,6.002936025460561,2.0
2017,1,9,0.4028150350980771,7.18788896004359,2.0
2017,1,10,-0.054468519578222165,6.903217812379201,1.0
2017,1,11,0.4369487661363867,6.989443242549896,2.0
2017,1,12,0.7907116822898388,6.898232837518056,2.0
2017,1,13,-0.0706572352598111,4.849029580752055,1.0
2017,1,14,-0.5711224619299173,8.707716127236685,1.0
2017,1,15,0.27890957348669565,10.545267939567566,2.0
2017,1,16,0.3236293171842893,10.681217551231384,3.0
2017,1,17,1.1438882766912382,9.159116427103678,4.0
2017,1,18,-0.14248798849682018,8.096731881300608,2.0
2017,1,19,0.4402452160914739,5.63695885737737,2.0
2017,1,20,-0.08912402872617048,7.939462661743164,1.0
2017,1,21,0.16181122822066152,5.073539316654205,1.0
2017,1,22,-0.859027930845817,5.285319685935974,1.0
2017,1,23,-0.682021053522476,8.492994944254557,1.0
2017,1,24,-0.7137585965295633,9.779390255610148,3.0
2017,1,25,0.7482024523972844,12.63823159535726,5.0
2017,1,26,1.1057849936963369,7.225551664829254,5.0
2017,1,27,-0.6572160505068799,12.629741390546164,2.0
2017,1,28,1.543301910161972,10.397567570209503,6.0
2017,1,29,0.003173145465552881,4.679169466098149,2.0
2017,1,30,-0.49384734764074284,7.286427398522695,1.0
2017,1,31,0.1362928266171366,6.088918348153432,3.0
2017,2,1,-0.7091555901570246,8.452453633149466,1.0
2017,2,2,-0.7938760233422121,9.498317201932272,2.0
2017,2,3,0.7956950233007469,12.969796975453695,4.0
2017,2,4,1.6818297058343887,9.011408706506094,6.0
2017,2,5,0.2761596894512574,4.986349652210872,1.0
2017,2,6,-0.8204966601915658,8.69013617436091,1.0
2017,2,7,1.2831180828313034,9.71197106440862,3.0
2017,2,8,-0.12623367893199125,4.464487552642822,1.0
2017,2,9,-0.4625663310289383,3.8245825270811715,1.0
2017,2,10,-0.4981146634866794,4.517551710208257,1.0
2017,2,11,-0.7490249772866567,8.962275266647339,1.0
2017,2,12,-0.3378383492430051,10.095237294832865,3.0
2017,2,13,-0.38763462821953,9.68998090426127,3.0
2017,2,14,1.0238206312060356,12.439322511355082,5.0
2017,2,15,2.2411814530690513,11.376849174499512,5.0
2017,2,16,0.6745280302129686,5.526035010814667,3.0
2017,2,17,-0.28647965830168687,8.410261929035185,1.0
2017,2,18,2.070324033498764,9.03970193862915,2.0
2017,2,19,1.2959077780445416,5.891635060310364,3.0
2017,2,20,-0.6056220637013515,9.05101635058721,1.0
2017,2,21,2.158691411217054,10.532043059666952,3.0
2017,2,22,1.4123759693466127,7.074296394983928,3.0
2017,2,23,0.09311156774250169,7.590756396452586,1.0
2017,2,24,1.0373461805284023,5.881445546944936,2.0
2017,2,25,0.8306587166928997,6.075213332970937,2.0
2017,2,26,0.18313301540911198,8.547024329503378,2.0
2017,2,27,1.13650627185901,7.551044901212056,3.0
2017,2,28,0.7175267934799193,6.381869792938232,1.0
